,m1,m2,m3,asc1,ac1,totalAC1,ncloc
goblinone,0.45454545454545453,0.0,1.0,0.48,0.48,0.48,214
nunito,0.5,0.0,1.0,0.495,0.495,0.495,270
quicksand,0.45454545454545453,0.0,1.0,0.48,0.48,0.48,214
raleway,0.45454545454545453,0.0,1.0,0.48,0.48,0.48,216
rubik,0.5384615384615384,0.0,1.0,0.5076923076923077,0.5076923076923077,0.5076923076923077,343
zendots,0.5384615384615384,0.0,1.0,0.5076923076923077,0.5076923076923077,0.5076923076923077,343
