,m1,m2,m3,asc1,ac1,totalAC1,ncloc
goblinone,0.5833333333333334,0.0,1.0,0.5225000000000001,0.5225000000000001,0.5225000000000001,291
nunito,0.6428571428571429,0.0,1.0,0.5421428571428571,0.5421428571428571,0.5421428571428571,354
quicksand,0.5833333333333334,0.0,1.0,0.5225000000000001,0.5225000000000001,0.5225000000000001,291
raleway,0.6428571428571429,0.0,1.0,0.5421428571428571,0.5421428571428571,0.5421428571428571,354
rubik,0.6428571428571429,0.0,1.0,0.5421428571428571,0.5421428571428571,0.5421428571428571,354
zendots,0.6428571428571429,0.0,1.0,0.5421428571428571,0.5421428571428571,0.5421428571428571,354
