,m1,m2,m3,asc1,ac1,totalAC1,ncloc
goblinone,0.75,0.25,1.0,0.66,0.66,0.66,315
nunito,0.7272727272727273,0.2727272727272727,1.0,0.66,0.66,0.66,238
quicksand,0.75,0.25,1.0,0.66,0.66,0.66,315
raleway,0.7272727272727273,0.2727272727272727,1.0,0.66,0.66,0.66,238
rubik,0.7692307692307693,0.23076923076923078,1.0,0.6600000000000001,0.6600000000000001,0.6600000000000001,356
zendots,0.7692307692307693,0.23076923076923078,1.0,0.6600000000000001,0.6600000000000001,0.6600000000000001,356
